application_id,recruiter_id,rec_screening
3,0,0.0
4,0,0.0
7,0,0.0
9,0,0.0
11,0,0.0
13,0,0.0
14,0,0.0
25,0,0.0
27,0,0.0
28,0,0.0
33,0,0.0
41,0,0.0
43,0,0.0
58,0,0.0
71,0,0.0
72,5,1.0
73,4,1.0
77,0,0.0
78,0,0.0
85,0,0.0
93,3,1.0
97,0,0.0
101,0,0.0
103,0,0.0
118,0,0.0
122,5,1.0
129,0,0.0
140,0,0.0
145,0,0.0
149,0,0.0
158,0,0.0
159,0,0.0
161,0,0.0
167,0,0.0
174,9,1.0
186,0,0.0
189,0,0.0
191,3,1.0
201,0,0.0
203,0,0.0
205,3,1.0
208,2,1.0
215,2,1.0
227,0,0.0
230,8,1.0
235,0,0.0
237,0,0.0
240,7,1.0
241,0,0.0
253,0,0.0
255,0,0.0
258,0,0.0
263,0,0.0
271,0,0.0
279,0,0.0
284,3,1.0
285,0,0.0
286,0,0.0
287,0,0.0
289,0,0.0
291,1,1.0
293,0,0.0
294,0,0.0
297,0,0.0
308,0,0.0
313,0,0.0
314,0,0.0
320,7,1.0
322,0,0.0
327,0,0.0
329,0,0.0
333,0,0.0
334,0,0.0
336,0,0.0
337,0,0.0
340,7,1.0
341,10,1.0
343,0,0.0
344,0,0.0
346,0,0.0
348,0,0.0
351,0,0.0
352,0,0.0
357,0,0.0
362,0,0.0
365,8,1.0
366,0,0.0
381,5,1.0
387,0,0.0
402,0,0.0
403,4,1.0
406,0,0.0
411,1,1.0
417,0,0.0
418,6,1.0
422,0,0.0
423,0,0.0
425,0,0.0
428,0,0.0
434,5,1.0
438,0,0.0
445,0,0.0
446,0,0.0
455,3,1.0
463,0,0.0
464,0,0.0
468,0,0.0
482,0,0.0
493,0,0.0
498,0,0.0
499,0,0.0
508,0,0.0
510,0,0.0
514,0,0.0
519,0,0.0
527,5,1.0
544,9,1.0
547,0,0.0
548,0,0.0
555,0,0.0
558,0,0.0
575,0,0.0
577,0,0.0
578,0,0.0
590,3,1.0
592,4,1.0
594,7,1.0
596,0,0.0
598,9,1.0
600,0,0.0
609,0,0.0
611,0,0.0
618,0,0.0
619,0,0.0
620,3,1.0
621,0,0.0
629,0,0.0
635,0,0.0
637,0,0.0
642,3,1.0
652,0,0.0
655,0,0.0
660,0,0.0
668,1,1.0
669,0,0.0
675,0,0.0
676,0,0.0
677,0,0.0
678,0,0.0
679,0,0.0
680,0,0.0
688,0,0.0
695,0,0.0
697,0,0.0
698,0,0.0
711,7,1.0
712,0,0.0
714,2,1.0
722,0,0.0
723,0,0.0
726,0,0.0
730,0,0.0
734,0,0.0
742,0,0.0
745,0,0.0
747,0,0.0
757,0,0.0
759,7,1.0
764,0,0.0
766,0,0.0
768,0,0.0
769,9,1.0
771,0,0.0
781,0,0.0
783,0,0.0
784,0,0.0
785,0,0.0
792,6,1.0
812,6,1.0
813,0,0.0
814,0,0.0
816,4,1.0
824,0,0.0
826,0,0.0
838,4,1.0
839,0,0.0
846,0,0.0
851,7,1.0
854,0,0.0
855,0,0.0
856,0,0.0
859,0,0.0
866,0,0.0
867,7,1.0
870,2,1.0
871,0,0.0
880,0,0.0
882,0,0.0
893,0,0.0
896,0,0.0
904,0,0.0
906,0,0.0
910,0,0.0
926,0,0.0
937,2,1.0
945,0,0.0
952,0,0.0
953,0,0.0
955,0,0.0
956,10,1.0
961,0,0.0
962,3,1.0
964,0,0.0
977,0,0.0
981,0,0.0
987,0,0.0
992,0,0.0
993,0,0.0
994,5,1.0
995,0,0.0
996,10,1.0
1000,0,0.0
1012,8,1.0
1015,0,0.0
1019,6,1.0
1024,0,0.0
1025,0,0.0
1027,5,1.0
1032,0,0.0
1033,5,1.0
1057,0,0.0
1058,0,0.0
1059,0,0.0
1062,8,1.0
1071,9,1.0
1075,0,0.0
1083,0,0.0
1089,0,0.0
1090,0,0.0
1097,2,1.0
1098,0,0.0
1101,0,0.0
1106,8,1.0
1109,0,0.0
1126,0,0.0
1127,1,1.0
1139,0,0.0
1144,0,0.0
1145,5,1.0
1149,10,1.0
1151,0,0.0
1174,0,0.0
1182,2,1.0
1185,0,0.0
1206,9,1.0
1207,9,1.0
1211,4,1.0
1214,0,0.0
1215,0,0.0
1219,0,0.0
1221,2,1.0
1229,7,1.0
1239,0,0.0
1241,0,0.0
1243,8,1.0
1244,0,0.0
1251,0,0.0
1257,0,0.0
1263,0,0.0
1265,0,0.0
1282,0,0.0
1289,0,0.0
1300,0,0.0
1307,0,0.0
1308,10,1.0
1312,0,0.0
1313,2,1.0
1328,0,0.0
1338,0,0.0
1340,0,0.0
1342,0,0.0
1343,8,1.0
1347,0,0.0
1357,0,0.0
1360,0,0.0
1365,0,0.0
1368,0,0.0
1373,0,0.0
1376,0,0.0
1380,0,0.0
1382,10,1.0
1385,0,0.0
1401,0,0.0
1403,0,0.0
1407,6,1.0
1411,7,1.0
1413,0,0.0
1414,0,0.0
1416,0,0.0
1419,4,1.0
1429,6,1.0
1430,0,0.0
1434,1,1.0
1437,0,0.0
1441,4,1.0
1445,7,1.0
1449,9,1.0
1463,7,1.0
1466,0,0.0
1473,0,0.0
1475,0,0.0
1479,0,0.0
1481,0,0.0
1489,1,1.0
1492,0,0.0
1494,1,1.0
1495,0,0.0
1496,0,0.0
1508,0,0.0
1509,0,0.0
1514,0,0.0
1519,3,1.0
1521,4,1.0
1525,0,0.0
1535,4,1.0
1537,0,0.0
1538,0,0.0
1540,6,1.0
1552,0,0.0
1558,0,0.0
1564,0,0.0
1566,0,0.0
1576,0,0.0
1582,0,0.0
1590,0,0.0
1594,0,0.0
1597,0,0.0
1599,0,0.0
1603,0,0.0
1613,0,0.0
1616,5,1.0
1622,0,0.0
1625,0,0.0
1630,0,0.0
1633,4,1.0
1639,0,0.0
1642,0,0.0
1647,6,1.0
1648,0,0.0
1653,0,0.0
1656,6,1.0
1659,0,0.0
1660,0,0.0
1664,0,0.0
1668,1,1.0
1678,0,0.0
1682,10,1.0
1683,0,0.0
1687,0,0.0
1689,0,0.0
1691,0,0.0
1693,0,0.0
1696,0,0.0
1701,8,1.0
1702,5,1.0
1704,0,0.0
1709,0,0.0
1712,8,1.0
1715,0,0.0
1716,9,1.0
1725,0,0.0
1726,0,0.0
1730,0,0.0
1731,0,0.0
1732,4,1.0
1735,0,0.0
1737,0,0.0
1742,2,1.0
1743,0,0.0
1745,0,0.0
1750,0,0.0
1752,0,0.0
1755,0,0.0
1770,0,0.0
1773,0,0.0
1776,0,0.0
1777,0,0.0
1792,0,0.0
1793,0,0.0
1794,0,0.0
1803,6,1.0
1807,0,0.0
1817,0,0.0
1820,0,0.0
1821,0,0.0
1825,0,0.0
1829,0,0.0
1830,0,0.0
1834,0,0.0
1836,0,0.0
1844,6,1.0
1846,0,0.0
1855,0,0.0
1856,0,0.0
1858,0,0.0
1861,0,0.0
1864,0,0.0
1867,8,1.0
1868,0,0.0
1872,0,0.0
1879,0,0.0
1880,0,0.0
1895,0,0.0
1897,0,0.0
1899,0,0.0
1905,0,0.0
1909,1,1.0
1911,7,1.0
1912,1,1.0
1914,0,0.0
1932,0,0.0
1936,0,0.0
1939,0,0.0
1942,0,0.0
1951,7,1.0
1959,0,0.0
1960,0,0.0
1961,0,0.0
1966,0,0.0
1977,0,0.0
1979,0,0.0
1982,0,0.0
1983,1,1.0
1986,3,1.0
1990,0,0.0
1997,0,0.0
2007,0,0.0
2015,0,0.0
2019,0,0.0
2036,0,0.0
2041,6,1.0
2042,0,0.0
2048,0,0.0
2051,0,0.0
2052,0,0.0
2053,2,1.0
2054,0,0.0
2056,0,0.0
2063,0,0.0
2072,0,0.0
2077,1,1.0
2079,0,0.0
2083,0,0.0
2088,0,0.0
2097,8,1.0
2101,0,0.0
2107,0,0.0
2109,5,1.0
2110,0,0.0
2121,0,0.0
2122,0,0.0
2127,0,0.0
2128,10,1.0
2135,0,0.0
2137,4,1.0
2140,7,1.0
2145,0,0.0
2146,0,0.0
2154,0,0.0
2166,0,0.0
2167,0,0.0
2170,0,0.0
2177,0,0.0
2178,0,0.0
2180,2,1.0
2181,0,0.0
2186,0,0.0
2191,2,1.0
2196,0,0.0
2199,0,0.0
2201,10,1.0
2216,5,1.0
2217,0,0.0
2229,10,1.0
2231,0,0.0
2232,0,0.0
2238,9,1.0
2242,0,0.0
2245,2,1.0
2246,0,0.0
2247,0,0.0
2249,6,1.0
2253,0,0.0
2254,0,0.0
2255,8,1.0
2261,0,0.0
2266,10,1.0
2269,0,0.0
2278,0,0.0
2284,0,0.0
2290,0,0.0
2296,6,1.0
2317,0,0.0
2318,0,0.0
2327,0,0.0
2335,0,0.0
2344,3,1.0
2345,0,0.0
2351,4,1.0
2363,0,0.0
2364,0,0.0
2369,3,1.0
2371,0,0.0
2372,0,0.0
2377,0,0.0
2384,0,0.0
2387,0,0.0
2391,0,0.0
2394,0,0.0
2395,4,1.0
2398,7,1.0
2400,0,0.0
2403,6,1.0
2406,0,0.0
2408,0,0.0
2418,0,0.0
2422,0,0.0
2428,0,0.0
2436,0,0.0
2443,0,0.0
2453,0,0.0
2455,0,0.0
2458,10,1.0
2471,0,0.0
2474,0,0.0
2481,8,1.0
2482,9,1.0
2486,5,1.0
2488,7,1.0
2491,0,0.0
2494,0,0.0
2497,0,0.0
2500,0,0.0
2505,0,0.0
2509,0,0.0
2510,0,0.0
2525,0,0.0
2530,0,0.0
2535,0,0.0
2539,0,0.0
2540,0,0.0
2542,0,0.0
2544,0,0.0
2549,0,0.0
2552,0,0.0
2554,0,0.0
2564,0,0.0
2568,6,1.0
2571,0,0.0
2575,0,0.0
2580,0,0.0
2582,0,0.0
2584,4,1.0
2587,2,1.0
2588,0,0.0
2589,0,0.0
2591,6,1.0
2594,0,0.0
2602,0,0.0
2613,0,0.0
2627,0,0.0
2629,0,0.0
2637,0,0.0
2639,0,0.0
2640,0,0.0
2643,0,0.0
2644,10,1.0
2645,8,1.0
2650,0,0.0
2655,0,0.0
2656,0,0.0
2661,0,0.0
2662,0,0.0
2664,0,0.0
2666,5,1.0
2667,0,0.0
2668,3,1.0
2669,0,0.0
2677,3,1.0
2681,9,1.0
2691,0,0.0
2697,0,0.0
2699,0,0.0
2701,7,1.0
2718,0,0.0
2721,0,0.0
2725,0,0.0
2726,10,1.0
2736,9,1.0
2740,0,0.0
2741,0,0.0
2743,0,0.0
2750,0,0.0
2752,10,1.0
2756,3,1.0
2768,0,0.0
2773,0,0.0
2784,0,0.0
2792,4,1.0
2793,2,1.0
2801,0,0.0
2803,0,0.0
2804,0,0.0
2805,0,0.0
2809,0,0.0
2810,0,0.0
2813,0,0.0
2820,0,0.0
2823,5,1.0
2827,0,0.0
2828,0,0.0
2829,9,1.0
2830,0,0.0
2831,9,1.0
2836,0,0.0
2838,0,0.0
2841,0,0.0
2843,0,0.0
2848,3,1.0
2855,0,0.0
2859,0,0.0
2861,0,0.0
2862,9,1.0
2865,0,0.0
2868,0,0.0
2871,0,0.0
2874,0,0.0
2875,0,0.0
2876,0,0.0
2882,7,1.0
2883,0,0.0
2898,0,0.0
2899,0,0.0
2903,3,1.0
2905,0,0.0
2921,0,0.0
2923,0,0.0
2932,0,0.0
2935,4,1.0
2938,0,0.0
2957,0,0.0
2961,0,0.0
2966,0,0.0
2971,0,0.0
2974,0,0.0
2991,0,0.0
3002,0,0.0
3014,0,0.0
3015,0,0.0
3016,0,0.0
3020,3,1.0
3026,1,1.0
3027,0,0.0
3029,0,0.0
3032,4,1.0
3040,0,0.0
3041,6,1.0
3044,0,0.0
3049,0,0.0
3052,0,0.0
3056,0,0.0
3057,0,0.0
3058,5,1.0
3060,0,0.0
3071,0,0.0
3072,9,1.0
3084,0,0.0
3088,5,1.0
3092,0,0.0
3102,0,0.0
3105,0,0.0
3106,5,1.0
3111,0,0.0
3113,7,1.0
3117,0,0.0
3118,0,0.0
3119,0,0.0
3120,0,0.0
3123,0,0.0
3125,0,0.0
3138,0,0.0
3141,0,0.0
3147,0,0.0
3150,7,1.0
3151,0,0.0
3153,0,0.0
3160,0,0.0
3168,9,1.0
3172,0,0.0
3178,0,0.0
3183,6,1.0
3185,6,1.0
3189,0,0.0
3193,0,0.0
3194,0,0.0
3205,0,0.0
3211,1,1.0
3212,0,0.0
3213,0,0.0
3218,0,0.0
3223,4,1.0
3231,0,0.0
3237,0,0.0
3238,0,0.0
3244,9,1.0
3245,0,0.0
3247,0,0.0
3251,3,1.0
3252,0,0.0
3253,0,0.0
3254,0,0.0
3277,0,0.0
3283,0,0.0
3289,0,0.0
3291,5,1.0
3296,0,0.0
3299,0,0.0
3302,3,1.0
3310,0,0.0
3311,0,0.0
3312,0,0.0
3313,0,0.0
3319,0,0.0
3323,0,0.0
3328,0,0.0
3334,0,0.0
3341,0,0.0
3345,0,0.0
3347,0,0.0
3348,0,0.0
3355,0,0.0
3356,0,0.0
3360,0,0.0
3368,0,0.0
3380,9,1.0
3382,0,0.0
3384,7,1.0
3385,0,0.0
3386,7,1.0
3388,0,0.0
3395,1,1.0
3398,0,0.0
3399,0,0.0
3405,0,0.0
3421,0,0.0
3424,0,0.0
3445,0,0.0
3451,0,0.0
3452,0,0.0
3453,0,0.0
3454,0,0.0
3455,2,1.0
3456,0,0.0
3457,0,0.0
3458,0,0.0
3462,0,0.0
3476,0,0.0
3481,0,0.0
3482,0,0.0
3491,0,0.0
3495,0,0.0
3496,0,0.0
3497,0,0.0
3501,2,1.0
3520,0,0.0
3530,10,1.0
3533,0,0.0
3534,0,0.0
3546,0,0.0
3548,0,0.0
3552,0,0.0
3557,0,0.0
3558,0,0.0
3562,0,0.0
3563,0,0.0
3566,0,0.0
3577,0,0.0
3580,0,0.0
3582,10,1.0
3584,0,0.0
3588,0,0.0
3592,0,0.0
3596,0,0.0
3597,0,0.0
3600,0,0.0
3601,0,0.0
3612,0,0.0
3621,0,0.0
3622,0,0.0
3625,0,0.0
3634,0,0.0
3642,0,0.0
3645,0,0.0
3649,6,1.0
3651,0,0.0
3665,0,0.0
3667,9,1.0
3668,6,1.0
3675,0,0.0
3681,0,0.0
3688,0,0.0
3691,0,0.0
3696,0,0.0
3700,0,0.0
3704,0,0.0
3709,3,1.0
3710,0,0.0
3714,4,1.0
3720,4,1.0
3724,0,0.0
3725,0,0.0
3735,9,1.0
3743,0,0.0
3748,0,0.0
3752,0,0.0
3753,0,0.0
3755,0,0.0
3758,0,0.0
3761,10,1.0
3763,0,0.0
3764,0,0.0
3767,0,0.0
3768,0,0.0
3780,0,0.0
3787,0,0.0
3793,0,0.0
3819,0,0.0
3824,0,0.0
3834,0,0.0
3837,3,1.0
3839,0,0.0
3840,0,0.0
3843,0,0.0
3849,7,1.0
3853,4,1.0
3854,0,0.0
3857,0,0.0
3876,0,0.0
3888,4,1.0
3893,7,1.0
3894,0,0.0
3906,0,0.0
3910,0,0.0
3916,0,0.0
3917,0,0.0
3919,0,0.0
3924,0,0.0
3927,0,0.0
3949,0,0.0
3953,0,0.0
3957,0,0.0
3964,0,0.0
3969,0,0.0
3979,7,1.0
3981,0,0.0
3986,0,0.0
3987,0,0.0
3991,0,0.0
3995,0,0.0
4004,0,0.0
4008,1,1.0
4014,0,0.0
4017,0,0.0
4022,0,0.0
4023,0,0.0
4027,0,0.0
4028,2,1.0
4029,5,1.0
4035,0,0.0
4036,0,0.0
4042,0,0.0
4044,0,0.0
4045,0,0.0
4061,0,0.0
4088,0,0.0
4093,0,0.0
4102,2,1.0
4105,0,0.0
4114,0,0.0
4116,3,1.0
4117,0,0.0
4120,0,0.0
4124,0,0.0
4126,9,1.0
4129,0,0.0
4130,0,0.0
4131,0,0.0
4134,0,0.0
4142,0,0.0
4145,5,1.0
4149,0,0.0
4154,0,0.0
4157,7,1.0
4160,0,0.0
4163,0,0.0
4164,0,0.0
4177,0,0.0
4188,0,0.0
4191,0,0.0
4197,4,1.0
4198,0,0.0
4204,0,0.0
4213,0,0.0
4217,2,1.0
4226,0,0.0
4229,4,1.0
4235,10,1.0
4238,0,0.0
4243,0,0.0
4255,0,0.0
4256,9,1.0
4259,0,0.0
4267,0,0.0
4269,0,0.0
4284,0,0.0
4285,0,0.0
4290,0,0.0
4295,7,1.0
4299,0,0.0
4301,0,0.0
4306,6,1.0
4313,8,1.0
4315,0,0.0
4323,0,0.0
4330,0,0.0
4334,0,0.0
4338,0,0.0
4340,0,0.0
4346,0,0.0
4349,0,0.0
4353,0,0.0
4356,2,1.0
4361,0,0.0
4362,0,0.0
4369,0,0.0
4371,0,0.0
4377,0,0.0
4383,5,1.0
4386,7,1.0
4394,0,0.0
4397,0,0.0
4398,4,1.0
4418,0,0.0
4419,0,0.0
4420,6,1.0
4421,7,1.0
4425,0,0.0
4427,0,0.0
4446,0,0.0
4454,2,1.0
4455,5,1.0
4461,0,0.0
4462,2,1.0
4464,0,0.0
4469,0,0.0
4470,2,1.0
4471,0,0.0
4472,0,0.0
4477,0,0.0
4478,0,0.0
4484,3,1.0
4488,0,0.0
4490,2,1.0
4492,7,1.0
4508,0,0.0
4524,0,0.0
4528,5,1.0
4535,5,1.0
4536,0,0.0
4539,3,1.0
4540,0,0.0
4545,3,1.0
4546,0,0.0
4547,0,0.0
4550,8,1.0
4553,0,0.0
4556,0,0.0
4561,0,0.0
4562,0,0.0
4564,0,0.0
4566,0,0.0
4572,0,0.0
4575,0,0.0
4582,0,0.0
4584,0,0.0
4587,0,0.0
4591,0,0.0
4594,0,0.0
4598,0,0.0
4599,7,1.0
4617,9,1.0
4630,0,0.0
4634,0,0.0
4655,0,0.0
4657,9,1.0
4658,0,0.0
4659,0,0.0
4662,3,1.0
4664,0,0.0
4674,0,0.0
4676,0,0.0
4678,0,0.0
4679,4,1.0
4683,0,0.0
4685,0,0.0
4688,0,0.0
4690,0,0.0
4693,5,1.0
4704,0,0.0
4707,0,0.0
4711,0,0.0
4714,5,1.0
4715,3,1.0
4723,10,1.0
4725,0,0.0
4730,0,0.0
4735,0,0.0
4738,0,0.0
4741,0,0.0
4742,4,1.0
4750,0,0.0
4752,0,0.0
4756,2,1.0
4757,0,0.0
4760,0,0.0
4763,5,1.0
4765,0,0.0
4766,4,1.0
4768,0,0.0
4782,0,0.0
4792,0,0.0
4793,0,0.0
4796,10,1.0
4798,0,0.0
4802,0,0.0
4805,0,0.0
4806,0,0.0
4819,5,1.0
4820,0,0.0
4823,0,0.0
4826,0,0.0
4829,0,0.0
4830,0,0.0
4835,0,0.0
4836,0,0.0
4838,4,1.0
4840,0,0.0
4844,0,0.0
4850,0,0.0
4857,10,1.0
4860,0,0.0
4862,0,0.0
4865,0,0.0
4870,7,1.0
4877,9,1.0
4878,0,0.0
4879,0,0.0
4881,0,0.0
4886,0,0.0
4888,0,0.0
4893,0,0.0
4894,0,0.0
4895,1,1.0
4899,0,0.0
4902,0,0.0
4905,5,1.0
4920,0,0.0
4921,0,0.0
4930,0,0.0
4935,6,1.0
4936,0,0.0
4938,7,1.0
4948,0,0.0
4953,0,0.0
4959,0,0.0
4962,0,0.0
4966,0,0.0
4968,0,0.0
4969,9,1.0
4974,0,0.0
4979,0,0.0
4981,10,1.0
4982,2,1.0
4993,6,1.0
4996,0,0.0
4998,0,0.0
4999,8,1.0
5001,0,0.0
5004,0,0.0
5007,0,0.0
5019,0,0.0
5029,0,0.0
5032,0,0.0
5033,0,0.0
5037,0,0.0
5038,5,1.0
5043,0,0.0
5046,7,1.0
5049,5,1.0
5054,0,0.0
5056,0,0.0
5061,0,0.0
5072,0,0.0
5078,0,0.0
5079,0,0.0
5081,2,1.0
5092,0,0.0
5093,0,0.0
5094,0,0.0
5096,0,0.0
5100,3,1.0
5103,0,0.0
5122,4,1.0
5131,0,0.0
5133,6,1.0
5144,1,1.0
5152,0,0.0
5155,0,0.0
5159,10,1.0
5168,0,0.0
5171,8,1.0
5172,3,1.0
5176,0,0.0
5177,0,0.0
5178,0,0.0
5179,0,0.0
5180,0,0.0
5187,1,1.0
5189,0,0.0
5195,2,1.0
5201,0,0.0
5202,0,0.0
5204,0,0.0
5209,0,0.0
5215,10,1.0
5217,6,1.0
5230,9,1.0
5234,0,0.0
5235,0,0.0
5238,0,0.0
5246,0,0.0
5249,9,1.0
5257,0,0.0
5283,0,0.0
5286,0,0.0
5292,0,0.0
5295,0,0.0
5304,0,0.0
5307,0,0.0
5326,9,1.0
5328,0,0.0
5329,6,1.0
5334,10,1.0
5336,0,0.0
5338,2,1.0
5340,0,0.0
5346,0,0.0
5349,0,0.0
5365,0,0.0
5367,1,1.0
5369,0,0.0
5371,0,0.0
5395,0,0.0
5399,7,1.0
5400,0,0.0
5407,0,0.0
5409,0,0.0
5410,0,0.0
5412,0,0.0
5415,0,0.0
5418,0,0.0
5419,0,0.0
5421,10,1.0
5422,0,0.0
5427,0,0.0
5432,8,1.0
5434,8,1.0
5436,0,0.0
5437,0,0.0
5439,3,1.0
5444,0,0.0
5448,0,0.0
5456,0,0.0
5464,0,0.0
5471,0,0.0
5472,3,1.0
5474,9,1.0
5505,4,1.0
5507,0,0.0
5512,0,0.0
5517,0,0.0
5519,0,0.0
5526,3,1.0
5527,6,1.0
5532,0,0.0
5533,0,0.0
5534,0,0.0
5535,0,0.0
5536,0,0.0
5543,1,1.0
5548,0,0.0
5550,0,0.0
5556,0,0.0
5564,8,1.0
5568,0,0.0
5575,0,0.0
5576,1,1.0
5580,0,0.0
5587,0,0.0
5592,0,0.0
5593,0,0.0
5607,0,0.0
5610,0,0.0
5613,0,0.0
5619,0,0.0
5623,0,0.0
5624,0,0.0
5626,2,1.0
5629,0,0.0
5639,0,0.0
5650,0,0.0
5651,0,0.0
5652,0,0.0
5661,1,1.0
5662,0,0.0
5663,0,0.0
5667,0,0.0
5672,6,1.0
5678,0,0.0
5679,1,1.0
5683,0,0.0
5685,0,0.0
5686,0,0.0
5690,0,0.0
5699,7,1.0
5703,1,1.0
5704,0,0.0
5706,0,0.0
5714,0,0.0
5716,0,0.0
5717,0,0.0
5723,10,1.0
5725,0,0.0
5726,0,0.0
5729,0,0.0
5731,0,0.0
5739,1,1.0
5742,7,1.0
5743,0,0.0
5744,0,0.0
5745,0,0.0
5747,0,0.0
5753,9,1.0
5754,0,0.0
5757,0,0.0
5761,10,1.0
5764,0,0.0
5765,0,0.0
5766,0,0.0
5792,10,1.0
5795,4,1.0
5796,0,0.0
5797,4,1.0
5800,0,0.0
5809,0,0.0
5815,0,0.0
5816,0,0.0
5818,0,0.0
5820,0,0.0
5825,0,0.0
5826,0,0.0
5838,0,0.0
5840,6,1.0
5845,0,0.0
5851,1,1.0
5855,0,0.0
5860,0,0.0
5864,0,0.0
5867,0,0.0
5868,0,0.0
5877,0,0.0
5880,0,0.0
5884,2,1.0
5888,3,1.0
5894,0,0.0
5900,0,0.0
5907,0,0.0
5909,0,0.0
5914,5,1.0
5916,0,0.0
5917,0,0.0
5926,7,1.0
5931,0,0.0
5941,8,1.0
5942,0,0.0
5943,8,1.0
5944,0,0.0
5951,7,1.0
5952,3,1.0
5953,0,0.0
5955,10,1.0
5957,5,1.0
5965,0,0.0
5967,0,0.0
5969,7,1.0
5971,0,0.0
5978,0,0.0
5982,0,0.0
5992,0,0.0
5999,0,0.0
6000,8,1.0
6002,0,0.0
6006,0,0.0
6009,0,0.0
6012,0,0.0
6013,0,0.0
6022,5,1.0
6031,7,1.0
6032,0,0.0
6037,9,1.0
6041,0,0.0
6042,0,0.0
6049,0,0.0
6053,5,1.0
6054,2,1.0
6057,0,0.0
6059,0,0.0
6061,10,1.0
6062,0,0.0
6063,0,0.0
6064,0,0.0
6079,0,0.0
6098,0,0.0
6101,5,1.0
6104,0,0.0
6117,7,1.0
6123,8,1.0
6128,0,0.0
6136,1,1.0
6156,2,1.0
6161,0,0.0
6168,9,1.0
6176,0,0.0
6179,0,0.0
6181,0,0.0
6189,0,0.0
6191,1,1.0
6203,0,0.0
6206,0,0.0
6208,0,0.0
6209,0,0.0
6218,0,0.0
6234,0,0.0
6240,0,0.0
6243,7,1.0
6247,0,0.0
6249,9,1.0
6252,0,0.0
6263,0,0.0
6267,0,0.0
6270,0,0.0
6272,4,1.0
6276,3,1.0
6282,0,0.0
6284,4,1.0
6294,0,0.0
6301,0,0.0
6302,0,0.0
6309,0,0.0
6316,0,0.0
6317,0,0.0
6320,0,0.0
6336,0,0.0
6340,0,0.0
6341,2,1.0
6347,2,1.0
6348,7,1.0
6362,0,0.0
6382,0,0.0
6384,0,0.0
6394,0,0.0
6395,3,1.0
6398,0,0.0
6408,0,0.0
6409,0,0.0
6410,10,1.0
6414,7,1.0
6417,0,0.0
6424,5,1.0
6426,0,0.0
6430,0,0.0
6435,0,0.0
6436,0,0.0
6440,0,0.0
6446,0,0.0
6451,0,0.0
6462,0,0.0
6464,0,0.0
6468,8,1.0
6469,0,0.0
6470,0,0.0
6471,0,0.0
6472,0,0.0
6480,0,0.0
6482,0,0.0
6484,0,0.0
6486,0,0.0
6489,8,1.0
6493,0,0.0
6501,0,0.0
6502,0,0.0
6509,0,0.0
6510,0,0.0
6513,0,0.0
6514,2,1.0
6517,0,0.0
6523,4,1.0
6525,0,0.0
6529,0,0.0
6533,0,0.0
6536,9,1.0
6541,0,0.0
6543,0,0.0
6549,0,0.0
6552,0,0.0
6559,0,0.0
6562,0,0.0
6567,0,0.0
6569,0,0.0
6574,0,0.0
6575,0,0.0
6594,0,0.0
6595,0,0.0
6601,0,0.0
6612,0,0.0
6614,0,0.0
6616,0,0.0
6617,0,0.0
6619,0,0.0
6621,0,0.0
6627,0,0.0
6628,0,0.0
6632,0,0.0
6640,1,1.0
6642,0,0.0
6644,0,0.0
6650,0,0.0
6656,0,0.0
6664,4,1.0
6668,0,0.0
6671,0,0.0
6673,2,1.0
6677,0,0.0
6693,0,0.0
6696,0,0.0
6704,0,0.0
6705,0,0.0
6711,4,1.0
6720,0,0.0
6721,0,0.0
6727,0,0.0
6731,8,1.0
6732,9,1.0
6735,0,0.0
6737,0,0.0
6751,0,0.0
6755,0,0.0
6761,0,0.0
6771,0,0.0
6777,0,0.0
6787,10,1.0
6789,3,1.0
6795,0,0.0
6797,0,0.0
6809,6,1.0
6810,4,1.0
6811,0,0.0
6817,0,0.0
6819,0,0.0
6820,0,0.0
6828,0,0.0
6829,0,0.0
6836,0,0.0
6839,0,0.0
6842,5,1.0
6843,0,0.0
6849,0,0.0
6852,0,0.0
6857,0,0.0
6858,3,1.0
6859,0,0.0
6861,0,0.0
6867,0,0.0
6876,9,1.0
6884,0,0.0
6885,0,0.0
6887,0,0.0
6888,3,1.0
6890,8,1.0
6901,8,1.0
6907,0,0.0
6916,0,0.0
6922,0,0.0
6936,5,1.0
6939,6,1.0
6945,9,1.0
6947,0,0.0
6955,4,1.0
6956,0,0.0
6963,0,0.0
6967,0,0.0
6972,0,0.0
6976,2,1.0
6981,7,1.0
6984,0,0.0
6988,0,0.0
6996,0,0.0
6997,8,1.0
7000,0,0.0
7002,0,0.0
7003,2,1.0
7004,3,1.0
7005,0,0.0
7007,0,0.0
7012,0,0.0
7017,0,0.0
7019,9,1.0
7025,0,0.0
7028,0,0.0
7030,0,0.0
7031,2,1.0
7036,10,1.0
7037,0,0.0
7051,1,1.0
7059,1,1.0
7063,0,0.0
7068,0,0.0
7074,0,0.0
7080,10,1.0
7081,0,0.0
7086,0,0.0
7095,0,0.0
7099,10,1.0
7102,0,0.0
7103,2,1.0
7107,0,0.0
7119,0,0.0
7121,0,0.0
7124,0,0.0
7125,0,0.0
7126,0,0.0
7128,0,0.0
7131,0,0.0
7141,0,0.0
7147,0,0.0
7152,0,0.0
7158,1,1.0
7169,0,0.0
7173,0,0.0
7174,0,0.0
7184,7,1.0
7187,0,0.0
7191,0,0.0
7193,0,0.0
7198,10,1.0
7213,3,1.0
7214,4,1.0
7222,1,1.0
7223,0,0.0
7225,0,0.0
7226,0,0.0
7227,0,0.0
7230,0,0.0
7234,0,0.0
7244,0,0.0
7249,0,0.0
7259,0,0.0
7260,0,0.0
7263,0,0.0
7267,0,0.0
7274,0,0.0
7276,0,0.0
7282,2,1.0
7285,0,0.0
7289,9,1.0
7294,1,1.0
7303,0,0.0
7304,0,0.0
7306,0,0.0
7313,0,0.0
7317,0,0.0
7318,0,0.0
7319,0,0.0
7327,0,0.0
7329,0,0.0
7332,0,0.0
7336,0,0.0
7337,3,1.0
7340,0,0.0
7346,0,0.0
7349,0,0.0
7360,0,0.0
7363,0,0.0
7370,0,0.0
7373,0,0.0
7377,0,0.0
7380,0,0.0
7391,0,0.0
7397,3,1.0
7400,7,1.0
7401,0,0.0
7405,7,1.0
7406,0,0.0
7425,0,0.0
7435,0,0.0
7443,3,1.0
7444,9,1.0
7447,0,0.0
7451,9,1.0
7454,0,0.0
7458,0,0.0
7464,0,0.0
7469,2,1.0
7477,4,1.0
7478,4,1.0
7483,2,1.0
7489,10,1.0
7491,0,0.0
7500,7,1.0
7501,0,0.0
7511,0,0.0
7521,0,0.0
7536,7,1.0
7538,1,1.0
7543,0,0.0
7544,0,0.0
7552,4,1.0
7554,5,1.0
7555,3,1.0
7557,8,1.0
7558,2,1.0
7564,0,0.0
7565,0,0.0
7567,0,0.0
7569,0,0.0
7573,0,0.0
7574,0,0.0
7578,0,0.0
7582,0,0.0
7583,0,0.0
7586,0,0.0
7596,0,0.0
7607,0,0.0
7614,7,1.0
7619,0,0.0
7626,1,1.0
7637,0,0.0
7641,0,0.0
7643,0,0.0
7647,0,0.0
7648,0,0.0
7650,0,0.0
7661,0,0.0
7663,1,1.0
7664,0,0.0
7667,0,0.0
7669,0,0.0
7670,0,0.0
7688,0,0.0
7690,0,0.0
7695,2,1.0
7702,0,0.0
7707,0,0.0
7709,6,1.0
7710,6,1.0
7715,0,0.0
7717,0,0.0
7719,0,0.0
7725,0,0.0
7726,0,0.0
7732,0,0.0
7734,1,1.0
7741,0,0.0
7742,0,0.0
7749,0,0.0
7756,8,1.0
7757,0,0.0
7763,0,0.0
7769,4,1.0
7775,0,0.0
7781,0,0.0
7782,3,1.0
7789,0,0.0
7793,0,0.0
7798,0,0.0
7801,0,0.0
7803,0,0.0
7808,0,0.0
7815,0,0.0
7818,2,1.0
7820,0,0.0
7821,0,0.0
7823,5,1.0
7826,6,1.0
7836,7,1.0
7847,0,0.0
7852,0,0.0
7859,0,0.0
7865,9,1.0
7869,0,0.0
7871,0,0.0
7872,0,0.0
7878,0,0.0
7879,0,0.0
7882,0,0.0
7889,0,0.0
7895,0,0.0
7899,9,1.0
7904,3,1.0
7906,0,0.0
7917,9,1.0
7925,0,0.0
7926,1,1.0
7927,0,0.0
7928,3,1.0
7929,0,0.0
7933,0,0.0
7938,0,0.0
7943,0,0.0
7945,0,0.0
7947,0,0.0
7948,0,0.0
7949,0,0.0
7951,0,0.0
7952,0,0.0
7953,7,1.0
7956,0,0.0
7957,0,0.0
7960,0,0.0
7973,0,0.0
7975,0,0.0
7984,0,0.0
8004,0,0.0
8005,0,0.0
8006,0,0.0
8013,3,1.0
8024,0,0.0
8038,9,1.0
8039,0,0.0
8042,3,1.0
8043,0,0.0
8046,0,0.0
8049,0,0.0
8060,0,0.0
8065,0,0.0
8068,0,0.0
8083,0,0.0
8089,0,0.0
8091,0,0.0
8101,0,0.0
8102,1,1.0
8117,1,1.0
8126,2,1.0
8128,0,0.0
8131,0,0.0
8158,0,0.0
8165,0,0.0
8172,0,0.0
8175,0,0.0
8176,0,0.0
8177,1,1.0
8183,0,0.0
8193,0,0.0
8196,0,0.0
8197,0,0.0
8199,10,1.0
8202,0,0.0
8206,4,1.0
8208,0,0.0
8212,0,0.0
8214,0,0.0
8216,0,0.0
8217,8,1.0
8219,0,0.0
8224,0,0.0
8225,7,1.0
8229,8,1.0
8233,0,0.0
8247,0,0.0
8252,0,0.0
8253,0,0.0
8254,2,1.0
8259,0,0.0
8268,0,0.0
8275,7,1.0
8279,0,0.0
8283,10,1.0
8284,2,1.0
8285,0,0.0
8286,0,0.0
8288,0,0.0
8289,0,0.0
8298,0,0.0
8299,5,1.0
8302,0,0.0
8309,0,0.0
8310,3,1.0
8316,0,0.0
8323,0,0.0
8334,0,0.0
8335,0,0.0
8340,0,0.0
8350,0,0.0
8354,0,0.0
8358,0,0.0
8359,0,0.0
8365,0,0.0
8375,3,1.0
8381,0,0.0
8385,0,0.0
8390,1,1.0
8394,0,0.0
8399,0,0.0
8400,0,0.0
8401,0,0.0
8402,0,0.0
8423,0,0.0
8436,3,1.0
8440,0,0.0
8441,0,0.0
8446,1,1.0
8448,10,1.0
8452,0,0.0
8463,0,0.0
8471,0,0.0
8473,0,0.0
8477,0,0.0
8478,10,1.0
8480,1,1.0
8484,0,0.0
8489,0,0.0
8492,0,0.0
8495,0,0.0
8496,7,1.0
8498,8,1.0
8505,0,0.0
8507,0,0.0
8508,0,0.0
8513,10,1.0
8514,0,0.0
8515,5,1.0
8517,0,0.0
8523,10,1.0
8526,9,1.0
8550,0,0.0
8552,4,1.0
8557,0,0.0
8559,0,0.0
8563,0,0.0
8565,0,0.0
8566,5,1.0
8568,0,0.0
8574,0,0.0
8582,0,0.0
8585,0,0.0
8590,0,0.0
8596,0,0.0
8603,0,0.0
8606,5,1.0
8608,1,1.0
8621,0,0.0
8625,0,0.0
8628,0,0.0
8643,1,1.0
8652,0,0.0
8662,0,0.0
8666,0,0.0
8671,0,0.0
8677,0,0.0
8683,2,1.0
8684,9,1.0
8697,0,0.0
8703,0,0.0
8721,0,0.0
8724,0,0.0
8734,0,0.0
8744,5,1.0
8746,1,1.0
8747,0,0.0
8755,0,0.0
8759,8,1.0
8761,0,0.0
8776,0,0.0
8780,0,0.0
8785,0,0.0
8792,9,1.0
8795,0,0.0
8805,0,0.0
8810,0,0.0
8815,0,0.0
8829,0,0.0
8837,0,0.0
8838,0,0.0
8839,4,1.0
8841,0,0.0
8844,0,0.0
8846,0,0.0
8855,0,0.0
8857,0,0.0
8858,0,0.0
8859,0,0.0
8860,0,0.0
8865,0,0.0
8877,0,0.0
8881,1,1.0
8882,0,0.0
8895,0,0.0
8897,0,0.0
8900,8,1.0
8901,3,1.0
8907,10,1.0
8908,0,0.0
8913,2,1.0
8914,0,0.0
8915,10,1.0
8916,5,1.0
8917,0,0.0
8928,0,0.0
8932,4,1.0
8938,9,1.0
8943,0,0.0
8950,0,0.0
8955,0,0.0
8962,2,1.0
8967,0,0.0
8976,0,0.0
8978,2,1.0
8979,0,0.0
8981,0,0.0
8985,0,0.0
8993,0,0.0
8995,0,0.0
9001,0,0.0
9002,9,1.0
9005,0,0.0
9016,2,1.0
9018,0,0.0
9028,0,0.0
9032,0,0.0
9035,0,0.0
9043,0,0.0
9047,0,0.0
9057,0,0.0
9059,0,0.0
9062,0,0.0
9063,0,0.0
9064,0,0.0
9069,0,0.0
9071,0,0.0
9077,0,0.0
9081,0,0.0
9086,0,0.0
9090,0,0.0
9092,0,0.0
9094,6,1.0
9095,0,0.0
9097,0,0.0
9098,4,1.0
9099,0,0.0
9100,0,0.0
9101,0,0.0
9103,0,0.0
9109,0,0.0
9123,5,1.0
9126,0,0.0
9142,0,0.0
9144,0,0.0
9157,0,0.0
9158,0,0.0
9159,0,0.0
9162,4,1.0
9164,7,1.0
9165,9,1.0
9176,0,0.0
9187,7,1.0
9188,0,0.0
9197,0,0.0
9199,0,0.0
9203,0,0.0
9209,0,0.0
9210,0,0.0
9226,0,0.0
9229,2,1.0
9230,0,0.0
9237,0,0.0
9261,0,0.0
9262,0,0.0
9263,1,1.0
9265,0,0.0
9266,0,0.0
9273,0,0.0
9274,0,0.0
9275,0,0.0
9278,0,0.0
9286,10,1.0
9308,2,1.0
9311,5,1.0
9314,0,0.0
9315,3,1.0
9319,0,0.0
9335,5,1.0
9336,1,1.0
9337,0,0.0
9339,4,1.0
9341,0,0.0
9351,5,1.0
9355,0,0.0
9371,0,0.0
9373,0,0.0
9375,0,0.0
9383,0,0.0
9390,0,0.0
9391,0,0.0
9396,0,0.0
9398,0,0.0
9403,0,0.0
9404,0,0.0
9406,0,0.0
9407,4,1.0
9408,9,1.0
9415,0,0.0
9423,0,0.0
9429,0,0.0
9436,8,1.0
9445,0,0.0
9454,0,0.0
9460,0,0.0
9462,0,0.0
9463,0,0.0
9465,0,0.0
9466,0,0.0
9468,0,0.0
9469,9,1.0
9471,0,0.0
9488,2,1.0
9490,0,0.0
9492,0,0.0
9494,0,0.0
9496,0,0.0
9497,0,0.0
9516,0,0.0
9519,8,1.0
9523,0,0.0
9524,0,0.0
9525,0,0.0
9529,0,0.0
9535,2,1.0
9536,1,1.0
9541,0,0.0
9542,0,0.0
9546,3,1.0
9553,3,1.0
9554,0,0.0
9562,0,0.0
9563,0,0.0
9564,0,0.0
9566,0,0.0
9568,0,0.0
9571,0,0.0
9581,3,1.0
9583,0,0.0
9584,2,1.0
9585,0,0.0
9587,0,0.0
9589,0,0.0
9592,6,1.0
9594,0,0.0
9598,0,0.0
9605,4,1.0
9610,0,0.0
9614,0,0.0
9618,0,0.0
9620,0,0.0
9634,0,0.0
9639,0,0.0
9642,0,0.0
9645,0,0.0
9647,0,0.0
9649,0,0.0
9651,0,0.0
9653,0,0.0
9655,0,0.0
9657,0,0.0
9660,0,0.0
9664,0,0.0
9670,8,1.0
9675,0,0.0
9678,0,0.0
9680,0,0.0
9685,0,0.0
9693,0,0.0
9695,0,0.0
9696,0,0.0
9698,4,1.0
9721,0,0.0
9726,3,1.0
9738,6,1.0
9758,0,0.0
9759,0,0.0
9760,2,1.0
9764,0,0.0
9768,0,0.0
9772,0,0.0
9777,0,0.0
9783,4,1.0
9786,0,0.0
9791,9,1.0
9802,0,0.0
9803,8,1.0
9806,0,0.0
9808,0,0.0
9812,0,0.0
9814,0,0.0
9816,0,0.0
9817,0,0.0
9818,0,0.0
9828,0,0.0
9845,0,0.0
9856,0,0.0
9860,0,0.0
9867,0,0.0
9868,0,0.0
9869,0,0.0
9877,0,0.0
9878,1,1.0
9882,0,0.0
9884,0,0.0
9885,7,1.0
9886,0,0.0
9890,0,0.0
9897,0,0.0
9902,4,1.0
9910,0,0.0
9913,0,0.0
9914,0,0.0
9916,0,0.0
9920,0,0.0
9921,0,0.0
9924,0,0.0
9931,1,1.0
9932,0,0.0
9934,1,1.0
9940,0,0.0
9945,0,0.0
9949,0,0.0
9957,5,1.0
9959,0,0.0
9963,0,0.0
9968,5,1.0
9972,0,0.0
9973,0,0.0
9977,0,0.0
9980,0,0.0
9981,0,0.0
9982,0,0.0
9983,2,1.0
9986,0,0.0
9996,6,1.0
